,Participant,Presentation,elab.decay,elab.temp,elab.ter,elab.LL,med.decay,med.temp,med.ter,med.LL,best.model,diff.LL
0,sub01,0,0.10935095028134191,0.4883951201494809,0.2492341362729884,-519.7332002247944,0.034716751092243654,0.40364200593570565,0.44272640288636583,-445.5261214094775,Mediator,74.20707881531683
1,sub01,1,0.1501841935833919,0.4721359549995794,0.4203925913765998,-500.27637391578213,0.0663193541416425,0.46288473135072894,0.16739045134043104,-441.28958557518075,Mediator,58.98678834060138
2,sub01,2,0.09680065353100156,0.35858147851592465,0.5297816547826951,-424.02264393219497,0.05416755617244347,0.4734189729228276,0.1767600202184455,-409.91079009955735,Mediator,14.111853832637621
3,sub01,3,0.07631855273270122,0.39430191891911603,0.5699836391749895,-234.28583087121322,0.0431305569874757,0.35920895028285016,0.13573095481150013,-199.00887727804414,Mediator,35.27695359316908
4,sub01,4,1.999952051446196,1.9999516354665015,1.999955721101463,0.0,1.999952051446196,1.9999516354665015,1.999955721101463,0.0,Mediator,0.0
5,sub01,5,1.999952051446196,1.9999516354665015,1.999955721101463,0.0,1.999952051446196,1.9999516354665015,1.999955721101463,0.0,Mediator,0.0
6,sub01,6,1.999952051446196,1.9999516354665015,1.999955721101463,0.0,1.999952051446196,1.9999516354665015,1.999955721101463,0.0,Mediator,0.0
7,sub01,7,1.999952051446196,1.9999516354665015,1.999955721101463,0.0,1.999952051446196,1.9999516354665015,1.999955721101463,0.0,Mediator,0.0
8,sub01,8,1.999952051446196,1.9999516354665015,1.999955721101463,0.0,1.999952051446196,1.9999516354665015,1.999955721101463,0.0,Mediator,0.0
9,sub01,9,1.999952051446196,1.9999516354665015,1.999955721101463,0.0,1.999952051446196,1.9999516354665015,1.999955721101463,0.0,Mediator,0.0
10,sub02,0,0.07975394190900766,0.45303820514806037,0.5493258183753621,-492.54438367665085,0.024426046312137656,0.4049807698441565,0.24338378776445496,-427.7535504820137,Mediator,64.79083319463717
11,sub02,1,0.1599328668808977,0.46931740208981026,0.3493642650370684,-480.49156320584603,0.12429799078141292,0.4839822150969348,0.17927939957075112,-436.396273081667,Mediator,44.09529012417903
12,sub02,2,0.18943818806145374,0.3820860112259208,0.2255706556113405,-399.22899204619796,0.07228617498735716,0.39030191177449886,0.2679007440265799,-357.0875739689561,Mediator,42.14141807724184
13,sub02,3,0.11100777111209519,0.45785022834031397,0.46311724285133427,-370.0746608982856,0.03942155988519403,0.4494176033492467,0.20265233657937234,-328.1147732737583,Mediator,41.959887624527255
14,sub02,4,0.12683573960834382,0.39622859478917954,0.5353411469640743,-261.44825920138663,0.045674544138460046,0.4310203332242595,0.22861727250355135,-238.1094515563638,Mediator,23.338807645022825
15,sub02,5,1.999952051446196,1.9999516354665015,1.999955721101463,0.0,1.999952051446196,1.9999516354665015,1.999955721101463,0.0,Mediator,0.0
16,sub02,6,1.999952051446196,1.9999516354665015,1.999955721101463,0.0,1.999952051446196,1.9999516354665015,1.999955721101463,0.0,Mediator,0.0
17,sub02,7,1.999952051446196,1.9999516354665015,1.999955721101463,0.0,1.999952051446196,1.9999516354665015,1.999955721101463,0.0,Mediator,0.0
18,sub02,8,1.999952051446196,1.9999516354665015,1.999955721101463,0.0,1.999952051446196,1.9999516354665015,1.999955721101463,0.0,Mediator,0.0
19,sub02,9,1.999952051446196,1.9999516354665015,1.999955721101463,0.0,1.999952051446196,1.9999516354665015,1.999955721101463,0.0,Mediator,0.0
20,sub03,0,0.0812107549194579,0.41228905281380135,0.32226324688287283,-412.91260020773234,0.07660852929094489,0.4171971428612932,0.45323716412707005,-372.3905405957927,Mediator,40.52205961193965
21,sub03,1,0.1783116893285695,0.44582472000672974,0.572691029343582,-422.8533813010103,0.12093223282539545,0.47637546481231785,0.24813587262586206,-379.712212079785,Mediator,43.14116922122531
22,sub03,2,0.2279816408464077,0.465289866506999,0.31930971701685507,-275.13989996539755,0.1328880991457867,0.49218254363972036,0.46409727716135923,-249.66077657940244,Mediator,25.47912338599511
23,sub03,3,0.10481676238574333,0.40661265048718437,0.5381207623201903,-236.06117384790744,0.07853928895977975,0.4868303797531733,0.2630862965997142,-213.94379943604582,Mediator,22.11737441186162
24,sub03,4,1.999952051446196,1.9999516354665015,1.999955721101463,0.0,1.999952051446196,1.9999516354665015,1.999955721101463,0.0,Mediator,0.0
25,sub03,5,1.999952051446196,1.9999516354665015,1.999955721101463,0.0,1.999952051446196,1.9999516354665015,1.999955721101463,0.0,Mediator,0.0
26,sub03,6,1.999952051446196,1.9999516354665015,1.999955721101463,0.0,1.999952051446196,1.9999516354665015,1.999955721101463,0.0,Mediator,0.0
27,sub03,7,1.999952051446196,1.9999516354665015,1.999955721101463,0.0,1.999952051446196,1.9999516354665015,1.999955721101463,0.0,Mediator,0.0
28,sub03,8,1.999952051446196,1.9999516354665015,1.999955721101463,0.0,1.999952051446196,1.9999516354665015,1.999955721101463,0.0,Mediator,0.0
29,sub03,9,1.999952051446196,1.9999516354665015,1.999955721101463,0.0,1.999952051446196,1.9999516354665015,1.999955721101463,0.0,Mediator,0.0
30,sub04,0,0.12333468790613748,0.5062729348452354,0.5303058884574363,-464.81503935485847,0.0744084728829296,0.39985260744756285,0.49830760020054765,-393.5760273453105,Mediator,71.23901200954799
31,sub04,1,0.13274555121913914,0.360679774997897,1.068962418958967,-432.7687634772824,0.065101633103943,0.3693852109412367,0.3698568008315501,-378.6657086282067,Mediator,54.103054849075704
32,sub04,2,0.17111054384850533,0.459430609667341,0.5210319875920326,-388.86624570272113,0.12563908050811712,0.48278479209345343,0.3085560711706261,-351.9813827569636,Mediator,36.884862945757504
33,sub04,3,0.2089760824128236,0.4192730384933445,0.43313964496168267,-244.42525710401281,0.10697353831814661,0.3776454548878658,0.31722068707424106,-208.5847877451284,Mediator,35.840469358884405
34,sub04,4,1.999952051446196,1.9999516354665015,1.999955721101463,0.0,1.999952051446196,1.9999516354665015,1.999955721101463,0.0,Mediator,0.0
35,sub04,5,1.999952051446196,1.9999516354665015,1.999955721101463,0.0,1.999952051446196,1.9999516354665015,1.999955721101463,0.0,Mediator,0.0
36,sub04,6,1.999952051446196,1.9999516354665015,1.999955721101463,0.0,1.999952051446196,1.9999516354665015,1.999955721101463,0.0,Mediator,0.0
37,sub04,7,1.999952051446196,1.9999516354665015,1.999955721101463,0.0,1.999952051446196,1.9999516354665015,1.999955721101463,0.0,Mediator,0.0
38,sub04,8,1.999952051446196,1.9999516354665015,1.999955721101463,0.0,1.999952051446196,1.9999516354665015,1.999955721101463,0.0,Mediator,0.0
39,sub04,9,1.999952051446196,1.9999516354665015,1.999955721101463,0.0,1.999952051446196,1.9999516354665015,1.999955721101463,0.0,Mediator,0.0
40,sub05,0,0.12684183323263923,0.46614105068292916,0.3693972650710797,-515.1031856798908,0.08468154793380625,0.4077011813596286,0.2639129421008696,-448.0842719963675,Mediator,67.0189136835233
41,sub05,1,0.14748739348745607,0.5269341912374043,0.4970000928172041,-539.889005078254,0.03689981874860922,0.3540711064603668,0.2579735086885746,-420.25714100204294,Mediator,119.631864076211
42,sub05,2,0.12215738057754558,0.47231658476490695,0.8170047199773013,-499.2695122867105,0.07178515803586606,0.368988825652157,0.17345309558095573,-392.5639073646808,Mediator,106.70560492202969
43,sub05,3,0.108344519721401,0.46285622744254773,0.6218244691806456,-318.2677340754325,0.07934064135493821,0.36777362931302215,0.1694583816152021,-253.52004086170882,Mediator,64.74769321372366
44,sub05,4,1.999952051446196,1.9999516354665015,1.999955721101463,0.0,1.999952051446196,1.9999516354665015,1.999955721101463,0.0,Mediator,0.0
45,sub05,5,1.999952051446196,1.9999516354665015,1.999955721101463,0.0,1.999952051446196,1.9999516354665015,1.999955721101463,0.0,Mediator,0.0
46,sub05,6,1.999952051446196,1.9999516354665015,1.999955721101463,0.0,1.999952051446196,1.9999516354665015,1.999955721101463,0.0,Mediator,0.0
47,sub05,7,1.999952051446196,1.9999516354665015,1.999955721101463,0.0,1.999952051446196,1.9999516354665015,1.999955721101463,0.0,Mediator,0.0
48,sub05,8,1.999952051446196,1.9999516354665015,1.999955721101463,0.0,1.999952051446196,1.9999516354665015,1.999955721101463,0.0,Mediator,0.0
49,sub05,9,1.999952051446196,1.9999516354665015,1.999955721101463,0.0,1.999952051446196,1.9999516354665015,1.999955721101463,0.0,Mediator,0.0
50,sub06,0,0.03648673004045757,0.47271244862503087,0.45913864634344714,-476.81713118136264,0.03049315764448554,0.5099790645795684,0.13112665877601953,-439.7031252609562,Mediator,37.11400592040644
51,sub06,1,0.09426094685660424,0.4719962009354265,0.5485950290239813,-469.2501223987076,0.08539601628236196,0.5218293697025812,0.20588337100159831,-431.37190918094,Mediator,37.87821321776761
52,sub06,2,0.12009067300616652,0.47494592849685524,0.7868872618663368,-452.5569914749558,0.033098943370085676,0.4036964495383484,0.2635211579139904,-378.09952120685466,Mediator,74.45747026810113
53,sub06,3,0.149405705094932,0.47203603160536056,0.6532172035751713,-347.6221839158254,0.08436965823338755,0.3895146459570326,0.20819211441328458,-288.0955282031481,Mediator,59.526655712677325
54,sub06,4,1.999952051446196,1.9999516354665015,1.999955721101463,0.0,1.999952051446196,1.9999516354665015,1.999955721101463,0.0,Mediator,0.0
55,sub06,5,1.999952051446196,1.9999516354665015,1.999955721101463,0.0,1.999952051446196,1.9999516354665015,1.999955721101463,0.0,Mediator,0.0
56,sub06,6,1.999952051446196,1.9999516354665015,1.999955721101463,0.0,1.999952051446196,1.9999516354665015,1.999955721101463,0.0,Mediator,0.0
57,sub06,7,1.999952051446196,1.9999516354665015,1.999955721101463,0.0,1.999952051446196,1.9999516354665015,1.999955721101463,0.0,Mediator,0.0
58,sub06,8,1.999952051446196,1.9999516354665015,1.999955721101463,0.0,1.999952051446196,1.9999516354665015,1.999955721101463,0.0,Mediator,0.0
59,sub06,9,1.999952051446196,1.9999516354665015,1.999955721101463,0.0,1.999952051446196,1.9999516354665015,1.999955721101463,0.0,Mediator,0.0
60,sub07,0,0.24654016147564095,0.45818487391591595,0.27270591601103056,-397.9015874165273,0.10668558159917234,0.36682277284557163,0.36936930358682085,-335.4232464418712,Mediator,62.478340974656135
61,sub07,1,1.1544139556644901,0.7970005618337663,0.556002351392681,-451.3728731832775,0.10744525689030855,0.5364121102940491,0.3772062641255994,-367.0926117956856,Mediator,84.28026138759185
62,sub07,2,0.20778889165574116,0.47208090445276996,1.2765184370751204,-296.3674371135398,0.10671457531768538,0.44855847271308563,0.25250480812463305,-254.86863509696587,Mediator,41.498802016573904
63,sub07,3,1.999952051446196,1.9999516354665015,1.999955721101463,0.0,1.999952051446196,1.9999516354665015,1.999955721101463,0.0,Mediator,0.0
64,sub07,4,1.999952051446196,1.9999516354665015,1.999955721101463,0.0,1.999952051446196,1.9999516354665015,1.999955721101463,0.0,Mediator,0.0
65,sub07,5,1.999952051446196,1.9999516354665015,1.999955721101463,0.0,1.999952051446196,1.9999516354665015,1.999955721101463,0.0,Mediator,0.0
66,sub07,6,1.999952051446196,1.9999516354665015,1.999955721101463,0.0,1.999952051446196,1.9999516354665015,1.999955721101463,0.0,Mediator,0.0
67,sub07,7,1.999952051446196,1.9999516354665015,1.999955721101463,0.0,1.999952051446196,1.9999516354665015,1.999955721101463,0.0,Mediator,0.0
68,sub07,8,1.999952051446196,1.9999516354665015,1.999955721101463,0.0,1.999952051446196,1.9999516354665015,1.999955721101463,0.0,Mediator,0.0
69,sub07,9,1.999952051446196,1.9999516354665015,1.999955721101463,0.0,1.999952051446196,1.9999516354665015,1.999955721101463,0.0,Mediator,0.0
70,sub08,0,0.1750185094492711,0.48552170626657537,0.7847642104649484,-318.93880839414993,0.09040105547634203,0.3312387762180289,0.20678787130088278,-264.2149625133652,Mediator,54.72384588078472
71,sub08,1,1.2422482577786784,0.7639320225002102,1.2742645786248001,-345.8290320221546,0.03212022145129172,0.4917362921013585,1.2742645786248001,-281.91042559995714,Mediator,63.918606422197456
72,sub08,2,0.7697679525470018,0.6112089266287062,0.2738737335071073,-277.66201716158656,0.07093634441307918,0.4639705043305998,0.19301479417360645,-225.679183963375,Mediator,51.98283319821155
73,sub08,3,1.999952051446196,1.9999516354665015,1.999955721101463,0.0,1.999952051446196,1.9999516354665015,1.999955721101463,0.0,Mediator,0.0
74,sub08,4,1.999952051446196,1.9999516354665015,1.999955721101463,0.0,1.999952051446196,1.9999516354665015,1.999955721101463,0.0,Mediator,0.0
75,sub08,5,1.999952051446196,1.9999516354665015,1.999955721101463,0.0,1.999952051446196,1.9999516354665015,1.999955721101463,0.0,Mediator,0.0
76,sub08,6,1.999952051446196,1.9999516354665015,1.999955721101463,0.0,1.999952051446196,1.9999516354665015,1.999955721101463,0.0,Mediator,0.0
77,sub08,7,1.999952051446196,1.9999516354665015,1.999955721101463,0.0,1.999952051446196,1.9999516354665015,1.999955721101463,0.0,Mediator,0.0
78,sub08,8,1.999952051446196,1.9999516354665015,1.999955721101463,0.0,1.999952051446196,1.9999516354665015,1.999955721101463,0.0,Mediator,0.0
79,sub08,9,1.999952051446196,1.9999516354665015,1.999955721101463,0.0,1.999952051446196,1.9999516354665015,1.999955721101463,0.0,Mediator,0.0
80,sub09,0,0.13570272570806816,0.44176046663321117,0.49090987786779694,-463.8433925496734,0.08335376164194855,0.382564576166826,0.3060976346036045,-395.4593850560562,Mediator,68.38400749361722
81,sub09,1,0.14723495819364532,0.5137979679406235,0.7198520503736014,-449.0015754424759,0.05800321795893119,0.3203973588711703,0.18155453564890314,-348.2184098233228,Mediator,100.78316561915307
82,sub09,2,0.18943818806145374,0.48841692602408826,0.3117667420031966,-390.6708241193468,0.08188643770869566,0.49983998547297304,0.4103861808018511,-351.84995138303753,Mediator,38.82087273630924
83,sub09,3,0.1957524551961404,0.4131213622045645,0.2724849427625082,-281.9626680976934,0.08508146063471746,0.37317294623454966,0.19183174786607554,-239.04841926221647,Mediator,42.91424883547691
84,sub09,4,1.999952051446196,1.9999516354665015,1.999955721101463,0.0,1.999952051446196,1.9999516354665015,1.999955721101463,0.0,Mediator,0.0
85,sub09,5,1.999952051446196,1.9999516354665015,1.999955721101463,0.0,1.999952051446196,1.9999516354665015,1.999955721101463,0.0,Mediator,0.0
86,sub09,6,1.999952051446196,1.9999516354665015,1.999955721101463,0.0,1.999952051446196,1.9999516354665015,1.999955721101463,0.0,Mediator,0.0
87,sub09,7,1.999952051446196,1.9999516354665015,1.999955721101463,0.0,1.999952051446196,1.9999516354665015,1.999955721101463,0.0,Mediator,0.0
88,sub09,8,1.999952051446196,1.9999516354665015,1.999955721101463,0.0,1.999952051446196,1.9999516354665015,1.999955721101463,0.0,Mediator,0.0
89,sub09,9,1.999952051446196,1.9999516354665015,1.999955721101463,0.0,1.999952051446196,1.9999516354665015,1.999955721101463,0.0,Mediator,0.0
90,sub10,0,0.12983554989785606,0.4661400891219388,0.24952013066854004,-511.07723302725475,0.02893562615368881,0.333853193657712,0.2770836866004224,-422.11744623952546,Mediator,88.95978678772929
91,sub10,1,0.08414019509593523,0.5164147358884663,0.6764706358109668,-522.8683985745388,0.12595609331650273,0.4617772557129964,0.23532410768331877,-444.36871226942947,Mediator,78.49968630510932
92,sub10,2,0.15384179682524338,0.4721359549995794,0.4286500310708233,-457.7353589365466,0.06555798643054228,0.556316690609817,0.2818892160288919,-435.2374492662185,Mediator,22.497909670328113
93,sub10,3,0.08677813522110384,0.43694602279837413,0.8460659470764351,-373.78594197403686,0.060938715751554184,0.4853376836174993,0.2487946561350576,-337.28066049801214,Mediator,36.50528147602472
94,sub10,4,1.999952051446196,1.9999516354665015,1.999955721101463,0.0,1.999952051446196,1.9999516354665015,1.999955721101463,0.0,Mediator,0.0
95,sub10,5,1.999952051446196,1.9999516354665015,1.999955721101463,0.0,1.999952051446196,1.9999516354665015,1.999955721101463,0.0,Mediator,0.0
96,sub10,6,1.999952051446196,1.9999516354665015,1.999955721101463,0.0,1.999952051446196,1.9999516354665015,1.999955721101463,0.0,Mediator,0.0
97,sub10,7,1.999952051446196,1.9999516354665015,1.999955721101463,0.0,1.999952051446196,1.9999516354665015,1.999955721101463,0.0,Mediator,0.0
98,sub10,8,1.999952051446196,1.9999516354665015,1.999955721101463,0.0,1.999952051446196,1.9999516354665015,1.999955721101463,0.0,Mediator,0.0
99,sub10,9,1.999952051446196,1.9999516354665015,1.999955721101463,0.0,1.999952051446196,1.9999516354665015,1.999955721101463,0.0,Mediator,0.0
100,sub11,0,0.12925918382131535,0.42867713299292703,0.5874542575402568,-500.22323268490175,0.027291013116622267,0.45444800422035103,0.40675866906004254,-457.58738127199865,Mediator,42.635851412903094
101,sub11,1,0.18305867756902164,0.5756253701349539,1.1123135916497011,-561.3098625661028,0.06319404652197805,0.4373875489780399,0.34109247414378413,-446.9321617301632,Mediator,114.37770083593955
102,sub11,2,0.07378416637152266,0.46536384765295646,0.6598591335421575,-506.2950052844839,0.031137852991437887,0.36532468589479083,0.15882014717175513,-406.6965348798746,Mediator,99.59847040460932
103,sub11,3,0.03270766050837282,0.5504796916947886,0.47091125047603366,-532.5860162750333,0.053261998009622724,0.5643775049357724,0.18517029965119738,-480.4578340624932,Mediator,52.12818221254014
104,sub11,4,0.0781905107186904,0.3827200753318887,0.37346336691768434,-352.1436342711542,0.026179931324008872,0.35797366859433044,0.1451261414703889,-300.2012949388853,Mediator,51.94233933226889
105,sub11,5,1.999952051446196,1.9999516354665015,1.999955721101463,0.0,1.999952051446196,1.9999516354665015,1.999955721101463,0.0,Mediator,0.0
106,sub11,6,1.999952051446196,1.9999516354665015,1.999955721101463,0.0,1.999952051446196,1.9999516354665015,1.999955721101463,0.0,Mediator,0.0
107,sub11,7,1.999952051446196,1.9999516354665015,1.999955721101463,0.0,1.999952051446196,1.9999516354665015,1.999955721101463,0.0,Mediator,0.0
108,sub11,8,1.999952051446196,1.9999516354665015,1.999955721101463,0.0,1.999952051446196,1.9999516354665015,1.999955721101463,0.0,Mediator,0.0
109,sub11,9,1.999952051446196,1.9999516354665015,1.999955721101463,0.0,1.999952051446196,1.9999516354665015,1.999955721101463,0.0,Mediator,0.0
110,sub12,0,0.09802266615894495,0.3878201260909648,0.5877714642784332,-484.2442057631965,0.033953081392411766,0.431209892267116,0.20764039532685274,-444.7357644508483,Mediator,39.50844131234817
111,sub12,1,0.0401301392464726,0.4829636733583517,0.6879349539493094,-515.8860100324697,0.0842871006481849,0.41195945312605575,0.19454837170289038,-434.57088266919163,Mediator,81.31512736327807
112,sub12,2,0.08896462748345901,0.44104905486296586,0.600601932273363,-497.45668759422335,0.031702701528569674,0.3533214224208931,0.17851459754810525,-406.16264707966104,Mediator,91.29404051456231
113,sub12,3,0.06210861631867476,0.46648058827503647,0.24254262202691074,-504.9621015546164,0.02738202973178676,0.3480406189989898,0.21446712534254445,-402.71281435390836,Mediator,102.24928720070807
114,sub12,4,0.026976703527941487,0.45664787590361666,0.46428387802831506,-321.1846830014973,0.027054049341356662,0.3300171468522405,0.14119956424072025,-249.1571237317773,Mediator,72.02755926972003
115,sub12,5,1.999952051446196,1.9999516354665015,1.999955721101463,0.0,1.999952051446196,1.9999516354665015,1.999955721101463,0.0,Mediator,0.0
116,sub12,6,1.999952051446196,1.9999516354665015,1.999955721101463,0.0,1.999952051446196,1.9999516354665015,1.999955721101463,0.0,Mediator,0.0
117,sub12,7,1.999952051446196,1.9999516354665015,1.999955721101463,0.0,1.999952051446196,1.9999516354665015,1.999955721101463,0.0,Mediator,0.0
118,sub12,8,1.999952051446196,1.9999516354665015,1.999955721101463,0.0,1.999952051446196,1.9999516354665015,1.999955721101463,0.0,Mediator,0.0
119,sub12,9,1.999952051446196,1.9999516354665015,1.999955721101463,0.0,1.999952051446196,1.9999516354665015,1.999955721101463,0.0,Mediator,0.0
120,sub13,0,0.12019951159595565,0.3404738617313973,0.26253558982095027,-436.56543350083155,0.06705000448791262,0.3022221691348382,0.13554552476199055,-373.50863826447375,Mediator,63.0567952363578
121,sub13,1,0.12707908293180634,0.4721359549995794,0.38675376173281817,-492.1795245636575,0.03941907162199397,0.3489767875636298,0.232314406530139,-380.32110943590897,Mediator,111.85841512774851
122,sub13,2,0.05783539812557944,0.4535203566310573,0.6019997394731411,-481.3108227051941,0.041684813507821376,0.2896024906540649,0.24594004455124682,-346.0379850891974,Mediator,135.2728376159967
123,sub13,3,0.1342356245309511,0.319125116100495,0.2056801407119137,-426.11692727563695,0.0243811506210285,0.3257526524611004,0.18829734228808395,-364.32731364958664,Mediator,61.78961362605031
124,sub13,4,0.4797752752245814,0.6623023783855185,1.2801652566535697,-244.77366021528292,1.0281315737752326,0.6411984566442379,1.2758233720644467,-214.31617509181802,Mediator,30.457485123464892
125,sub13,5,1.999952051446196,1.9999516354665015,1.999955721101463,0.0,1.999952051446196,1.9999516354665015,1.999955721101463,0.0,Mediator,0.0
126,sub13,6,1.999952051446196,1.9999516354665015,1.999955721101463,0.0,1.999952051446196,1.9999516354665015,1.999955721101463,0.0,Mediator,0.0
127,sub13,7,1.999952051446196,1.9999516354665015,1.999955721101463,0.0,1.999952051446196,1.9999516354665015,1.999955721101463,0.0,Mediator,0.0
128,sub13,8,1.999952051446196,1.9999516354665015,1.999955721101463,0.0,1.999952051446196,1.9999516354665015,1.999955721101463,0.0,Mediator,0.0
129,sub13,9,1.999952051446196,1.9999516354665015,1.999955721101463,0.0,1.999952051446196,1.9999516354665015,1.999955721101463,0.0,Mediator,0.0
130,sub14,0,0.1147950415790906,0.44212497809546275,0.2946485417168589,-505.6286039959377,0.02896933699455574,0.3479026175737116,0.3442601906325346,-420.2534846645522,Mediator,85.37511933138546
131,sub14,1,0.12797742587970967,0.40658549671217026,0.3884283975769128,-487.3621624678962,0.039457331498572036,0.39740095999836084,0.18525355730188298,-429.95514873509694,Mediator,57.40701373279927
132,sub14,2,0.06665461969436692,0.36660463169706453,0.5460728860836653,-473.87035830217445,0.013042470079440757,0.29807570323088173,0.15674438492208045,-381.87806215886064,Mediator,91.99229614331381
133,sub14,3,0.06031381721506154,0.4911849924820986,0.4194207660875442,-469.0319448033912,0.05235961014189432,0.36077435527727775,0.16320985417777534,-376.46108805202743,Mediator,92.57085675136375
134,sub14,4,0.03555793527722609,0.36895778998415657,0.55787922352254,-415.6053969828705,0.011090412557476307,0.3352114239838483,0.13585519941992294,-348.7316683197627,Mediator,66.87372866310778
135,sub14,5,1.999952051446196,1.9999516354665015,1.999955721101463,0.0,1.999952051446196,1.9999516354665015,1.999955721101463,0.0,Mediator,0.0
136,sub14,6,1.999952051446196,1.9999516354665015,1.999955721101463,0.0,1.999952051446196,1.9999516354665015,1.999955721101463,0.0,Mediator,0.0
137,sub14,7,1.999952051446196,1.9999516354665015,1.999955721101463,0.0,1.999952051446196,1.9999516354665015,1.999955721101463,0.0,Mediator,0.0
138,sub14,8,1.999952051446196,1.9999516354665015,1.999955721101463,0.0,1.999952051446196,1.9999516354665015,1.999955721101463,0.0,Mediator,0.0
139,sub14,9,1.999952051446196,1.9999516354665015,1.999955721101463,0.0,1.999952051446196,1.9999516354665015,1.999955721101463,0.0,Mediator,0.0
140,sub15,0,0.21800919241469907,0.46452959323246196,0.369856517226594,-438.1055638110691,0.054846994056135065,0.4502440723087879,0.21420782034685845,-391.1672592679788,Mediator,46.93830454309028
141,sub15,1,0.1894381880614538,0.38915197197634027,0.37720626412559943,-415.5488452172427,0.05685153555833797,0.34675033614313594,0.2469027960149681,-362.93322372487853,Mediator,52.61562149236414
142,sub15,2,0.18706078945785587,0.37640631241000144,0.40721072488640364,-303.3225923442104,0.06140562282897744,0.3225672834799055,0.2628335075282873,-250.74723693665558,Mediator,52.57535540755484
143,sub15,3,0.12211846943253296,0.43393946838942654,0.5784042045856178,-266.465989273379,0.1121792180905769,0.3891609255179387,0.3460291772781897,-223.85626690983952,Mediator,42.609722363539504
144,sub15,4,1.999952051446196,1.9999516354665015,1.999955721101463,0.0,1.999952051446196,1.9999516354665015,1.999955721101463,0.0,Mediator,0.0
145,sub15,5,1.999952051446196,1.9999516354665015,1.999955721101463,0.0,1.999952051446196,1.9999516354665015,1.999955721101463,0.0,Mediator,0.0
146,sub15,6,1.999952051446196,1.9999516354665015,1.999955721101463,0.0,1.999952051446196,1.9999516354665015,1.999955721101463,0.0,Mediator,0.0
147,sub15,7,1.999952051446196,1.9999516354665015,1.999955721101463,0.0,1.999952051446196,1.9999516354665015,1.999955721101463,0.0,Mediator,0.0
148,sub15,8,1.999952051446196,1.9999516354665015,1.999955721101463,0.0,1.999952051446196,1.9999516354665015,1.999955721101463,0.0,Mediator,0.0
149,sub15,9,1.999952051446196,1.9999516354665015,1.999955721101463,0.0,1.999952051446196,1.9999516354665015,1.999955721101463,0.0,Mediator,0.0
150,sub16,0,0.14740616028580272,0.4494214680852987,0.2715023687398389,-428.3656020544496,0.0719668394738467,0.362227355232303,0.2713228931240011,-356.7336134209983,Mediator,71.63198863345127
151,sub16,1,0.5177156395318968,0.7862171298342328,0.8210013690991058,-506.5292748916647,0.043847953535220766,0.45843313908263034,0.1600623869004689,-387.60631123923315,Mediator,118.92296365243158
152,sub16,2,0.11793650911510442,0.2917960675006309,0.8255859931928436,-342.17117557687675,0.07484371809026477,0.46959848513594976,0.2611928898742355,-333.7400110571029,Mediator,8.431164519773859
153,sub16,3,0.09148758317306407,0.5068726298944745,0.5293382473062227,-326.0357803025292,0.10086265136975876,0.4481984082715776,0.18442230930378287,-276.0795596771215,Mediator,49.956220625407695
154,sub16,4,0.1321464915706293,0.4244607680588144,0.5327088839461055,-209.13897968429845,0.0769916941843436,0.39869898696232425,0.2424684918779437,-181.5671959530532,Mediator,27.57178373124526
155,sub16,5,1.999952051446196,1.9999516354665015,1.999955721101463,0.0,1.999952051446196,1.9999516354665015,1.999955721101463,0.0,Mediator,0.0
156,sub16,6,1.999952051446196,1.9999516354665015,1.999955721101463,0.0,1.999952051446196,1.9999516354665015,1.999955721101463,0.0,Mediator,0.0
157,sub16,7,1.999952051446196,1.9999516354665015,1.999955721101463,0.0,1.999952051446196,1.9999516354665015,1.999955721101463,0.0,Mediator,0.0
158,sub16,8,1.999952051446196,1.9999516354665015,1.999955721101463,0.0,1.999952051446196,1.9999516354665015,1.999955721101463,0.0,Mediator,0.0
159,sub16,9,1.999952051446196,1.9999516354665015,1.999955721101463,0.0,1.999952051446196,1.9999516354665015,1.999955721101463,0.0,Mediator,0.0
160,sub17,0,0.09325038813937434,0.44140576680213195,0.48557326228768405,-502.3823856328335,0.039449397273171996,0.3339835891191094,0.2559143203809106,-413.537423838208,Mediator,88.84496179462553
161,sub17,1,0.21222485678892977,0.7159208127546655,0.8915978364749536,-578.0348636904891,0.06476026048215201,0.5197444116479696,0.24837802170809412,-466.72328942879716,Mediator,111.31157426169199
162,sub17,2,0.06265795458890382,0.4721692884750284,0.5240655478123311,-514.4670679107417,0.0538821453303348,0.3382732119519545,0.20200377653800938,-400.7497143804328,Mediator,113.71735353030886
163,sub17,3,0.10443274009380157,0.4698262570794843,0.6823862445349218,-515.6463966305563,0.032610174757987095,0.3221386124271047,0.1844087855598411,-390.79371412547283,Mediator,124.85268250508346
164,sub17,4,0.09104935118577301,0.4307502940768144,0.30716480858273243,-306.44678746460875,0.021391049588793946,0.3169278195467233,0.21164087181206853,-238.2347967718987,Mediator,68.21199069271006
165,sub17,5,1.999952051446196,1.9999516354665015,1.999955721101463,0.0,1.999952051446196,1.9999516354665015,1.999955721101463,0.0,Mediator,0.0
166,sub17,6,1.999952051446196,1.9999516354665015,1.999955721101463,0.0,1.999952051446196,1.9999516354665015,1.999955721101463,0.0,Mediator,0.0
167,sub17,7,1.999952051446196,1.9999516354665015,1.999955721101463,0.0,1.999952051446196,1.9999516354665015,1.999955721101463,0.0,Mediator,0.0
168,sub17,8,1.999952051446196,1.9999516354665015,1.999955721101463,0.0,1.999952051446196,1.9999516354665015,1.999955721101463,0.0,Mediator,0.0
169,sub17,9,1.999952051446196,1.9999516354665015,1.999955721101463,0.0,1.999952051446196,1.9999516354665015,1.999955721101463,0.0,Mediator,0.0
170,sub18,0,0.11807387047904358,0.485264557756594,0.4455440814513467,-514.9239160613288,0.0245349778214603,0.34582603808750534,0.1416999905711579,-421.02693421773495,Mediator,93.89698184359384
171,sub18,1,0.12089889910167405,0.48603070343395066,0.3511689683903241,-511.31350986611795,0.011870941417034557,0.44271147185362103,0.25826212215383304,-441.20591395202166,Mediator,70.1075959140963
172,sub18,2,0.0865039188350008,0.3872215903658473,0.36822392744468224,-475.8561708141351,0.02164300710526823,0.37204939843973667,0.16543952212240276,-410.9182613818745,Mediator,64.9379094322606
173,sub18,3,0.040447968552847414,0.3256759270264911,0.3496998175543603,-460.62471367897183,0.012689938380205096,0.31442785050237165,0.13217213654224277,-385.7246013612763,Mediator,74.90011231769552
174,sub18,4,1.999952051446196,1.9999516354665015,1.999955721101463,0.0,1.999952051446196,1.9999516354665015,1.999955721101463,0.0,Mediator,0.0
175,sub18,5,1.999952051446196,1.9999516354665015,1.999955721101463,0.0,1.999952051446196,1.9999516354665015,1.999955721101463,0.0,Mediator,0.0
176,sub18,6,1.999952051446196,1.9999516354665015,1.999955721101463,0.0,1.999952051446196,1.9999516354665015,1.999955721101463,0.0,Mediator,0.0
177,sub18,7,1.999952051446196,1.9999516354665015,1.999955721101463,0.0,1.999952051446196,1.9999516354665015,1.999955721101463,0.0,Mediator,0.0
178,sub18,8,1.999952051446196,1.9999516354665015,1.999955721101463,0.0,1.999952051446196,1.9999516354665015,1.999955721101463,0.0,Mediator,0.0
179,sub18,9,1.999952051446196,1.9999516354665015,1.999955721101463,0.0,1.999952051446196,1.9999516354665015,1.999955721101463,0.0,Mediator,0.0
180,sub19,0,0.09397183288837137,0.3899117076456649,0.6102519664921789,-457.3787313504911,0.043816555997168376,0.32635864833121675,0.19027043139560368,-381.023569371428,Mediator,76.3551619790631
181,sub19,1,0.07853928895977974,0.506891743772427,0.5484188319124882,-490.9537196157355,0.035427251149169,0.4534930289593627,0.27013962112702966,-418.69821060847994,Mediator,72.25550900725557
182,sub19,2,0.13180032326458238,0.4669943555311063,0.7230024380131674,-481.06248516913485,0.02711639321697836,0.6226308266358871,0.6087363907187763,-471.92306314535676,Mediator,9.139422023778081
183,sub19,3,0.09335104371274913,0.4115330210413636,0.4578825874058925,-426.35592277691075,0.035366156375154285,0.3768242891126882,0.21545199394461645,-363.12259029891317,Mediator,63.23333247799758
184,sub19,4,0.11585201791210295,0.43311665291158363,0.35252175156747256,-253.11870414411672,0.0735845181998322,0.5133149065198914,0.14230046724275536,-235.67995145198228,Mediator,17.438752692134443
185,sub19,5,1.999952051446196,1.9999516354665015,1.999955721101463,0.0,1.999952051446196,1.9999516354665015,1.999955721101463,0.0,Mediator,0.0
186,sub19,6,1.999952051446196,1.9999516354665015,1.999955721101463,0.0,1.999952051446196,1.9999516354665015,1.999955721101463,0.0,Mediator,0.0
187,sub19,7,1.999952051446196,1.9999516354665015,1.999955721101463,0.0,1.999952051446196,1.9999516354665015,1.999955721101463,0.0,Mediator,0.0
188,sub19,8,1.999952051446196,1.9999516354665015,1.999955721101463,0.0,1.999952051446196,1.9999516354665015,1.999955721101463,0.0,Mediator,0.0
189,sub19,9,1.999952051446196,1.9999516354665015,1.999955721101463,0.0,1.999952051446196,1.9999516354665015,1.999955721101463,0.0,Mediator,0.0
190,sub20,0,0.06856760039908934,0.48335285818007084,0.5487880195034054,-511.9961508417442,0.07775803505694533,0.35041658687617494,0.20588337100159834,-411.5665034188709,Mediator,100.4296474228733
191,sub20,1,0.1317102765322717,0.47411622826604366,0.5235334840063932,-508.2721436066832,0.1154801874330731,0.37964629323480936,0.2721837904461923,-412.25173265311815,Mediator,96.02041095356503
192,sub20,2,0.09078797438576525,0.42347011480497926,0.32583118754011875,-459.32133249634694,0.1252337965983066,0.3785344471747465,0.2058946966374728,-380.16519913578935,Mediator,79.15613336055759
193,sub20,3,0.18943818806145374,0.5645377529754922,0.25959127274648824,-385.82999303212796,0.02795734136119643,0.38592616429753945,0.2549180563252387,-304.3244169170228,Mediator,81.50557611510516
194,sub20,4,0.1553655190236975,0.4852092955158847,0.5053225339835314,-239.51815367822678,0.07809446729048747,0.36974824855283256,0.1383933937082366,-190.1272930030911,Mediator,49.390860675135684
195,sub20,5,1.999952051446196,1.9999516354665015,1.999955721101463,0.0,1.999952051446196,1.9999516354665015,1.999955721101463,0.0,Mediator,0.0
196,sub20,6,1.999952051446196,1.9999516354665015,1.999955721101463,0.0,1.999952051446196,1.9999516354665015,1.999955721101463,0.0,Mediator,0.0
197,sub20,7,1.999952051446196,1.9999516354665015,1.999955721101463,0.0,1.999952051446196,1.9999516354665015,1.999955721101463,0.0,Mediator,0.0
198,sub20,8,1.999952051446196,1.9999516354665015,1.999955721101463,0.0,1.999952051446196,1.9999516354665015,1.999955721101463,0.0,Mediator,0.0
199,sub20,9,1.999952051446196,1.9999516354665015,1.999955721101463,0.0,1.999952051446196,1.9999516354665015,1.999955721101463,0.0,Mediator,0.0
200,sub21,0,0.11523755984954345,0.4837829426712733,0.3772062641255993,-514.1817301817636,0.06260244730795797,0.36908390300399746,0.21070537701815278,-424.70743896603295,Mediator,89.4742912157306
201,sub21,1,0.1341336223273486,0.45587471748801267,0.506276387440154,-551.3623108439912,0.058017267860706975,0.37874012168705845,0.2760899846326436,-424.0779634270487,Mediator,127.28434741694247
202,sub21,2,0.04986741477761822,0.3941702388091778,0.6998280971985957,-496.4936158608353,0.07935467479458777,0.3779435461067764,0.20835141089363454,-418.6291884634288,Mediator,77.86442739740647
203,sub21,3,0.09458344462957179,0.4722193501819681,0.6761487819896423,-425.6310342545087,0.08326857277406316,0.35479160820669564,0.11200529802696438,-333.91398457803183,Mediator,91.71704967647685
204,sub21,4,0.09895461262279356,0.38542453967411877,0.5294104057511084,-238.94678477411432,0.058887714735575164,0.362700756410419,0.16607421687777027,-199.30767120209453,Mediator,39.639113572019795
205,sub21,5,1.999952051446196,1.9999516354665015,1.999955721101463,0.0,1.999952051446196,1.9999516354665015,1.999955721101463,0.0,Mediator,0.0
206,sub21,6,1.999952051446196,1.9999516354665015,1.999955721101463,0.0,1.999952051446196,1.9999516354665015,1.999955721101463,0.0,Mediator,0.0
207,sub21,7,1.999952051446196,1.9999516354665015,1.999955721101463,0.0,1.999952051446196,1.9999516354665015,1.999955721101463,0.0,Mediator,0.0
208,sub21,8,1.999952051446196,1.9999516354665015,1.999955721101463,0.0,1.999952051446196,1.9999516354665015,1.999955721101463,0.0,Mediator,0.0
209,sub21,9,1.999952051446196,1.9999516354665015,1.999955721101463,0.0,1.999952051446196,1.9999516354665015,1.999955721101463,0.0,Mediator,0.0
210,sub22,0,0.0567184930358576,0.43177331019933374,0.5131348298644772,-510.5966340266789,0.023586810640208976,0.4470549844424306,0.1534892988602282,-454.14788290864726,Mediator,56.44875111803162
211,sub22,1,0.12433153427542697,0.40815487637216574,0.3788559192177807,-498.48463082678967,0.07050917577067815,0.41731214657066434,0.3080073565088624,-440.74011654666003,Mediator,57.744514280129636
212,sub22,2,0.033063892113950034,0.35271805194104505,0.6571161531464288,-471.5493997843851,0.036714250542677976,0.29172604638975574,0.17067639831387635,-382.9006293722097,Mediator,88.6487704121754
213,sub22,3,0.029443202495939486,0.3937506162801232,0.2302568076448454,-450.27957690314486,0.013971962726015825,0.33574141172394906,0.18175921489982283,-371.26775502955405,Mediator,79.0118218735908
214,sub22,4,0.06307587235441012,0.4127251409863106,0.4719402761269169,-428.45719783477523,0.02931785317516798,0.5607063666506066,0.16301509318477478,-420.1621244507128,Mediator,8.295073384062448
215,sub22,5,0.023582717110679385,0.3725164991033985,0.549746791447671,-312.4500708286161,0.015407711170955426,0.319615095892451,0.13333245866865034,-255.38703834515812,Mediator,57.06303248345799
216,sub22,6,1.999952051446196,1.9999516354665015,1.999955721101463,0.0,1.999952051446196,1.9999516354665015,1.999955721101463,0.0,Mediator,0.0
217,sub22,7,1.999952051446196,1.9999516354665015,1.999955721101463,0.0,1.999952051446196,1.9999516354665015,1.999955721101463,0.0,Mediator,0.0
218,sub22,8,1.999952051446196,1.9999516354665015,1.999955721101463,0.0,1.999952051446196,1.9999516354665015,1.999955721101463,0.0,Mediator,0.0
219,sub22,9,1.999952051446196,1.9999516354665015,1.999955721101463,0.0,1.999952051446196,1.9999516354665015,1.999955721101463,0.0,Mediator,0.0
